Emily|Carter|12Rosewood Lane Worthing West Sussex BN11 1AA United Kingdom", "emily.carter@examplemail.com", 10001, "11", 300
David, Carter, "12 Rosewood Lane, Worthing, West Sussex, BN11 1AA, United Kingdom", "David.carter@examplemail.com", 10002, "11", 800 
Mufasa, Carter, "12 Rosewood Lane, Worthing, West Sussex, BN11 1AA, United Kingdom", "mufass.carter@examplemail.com", 10003, "11", 400


{
	header: ["firstName", "lastName"],
	data: [
		[],
		[]
	]

}

data: [
	{
		fistName: "value",
		lastName: "value"
	},
	{
		firtName: "value",
		lastName: "value"
	}
]
